{
  "threshold": {
    "method_name": "Threshold-based",
    "accuracy": 0.688,
    "precision": 0.5106350165066026,
    "recall": 0.688,
    "f1_score": 0.5852479978803034,
    "binary_accuracy": 0.786,
    "false_positive_rate": 0.025790349417637273,
    "false_negative_rate": 0.4974937343358396,
    "inference_time_ms": 0.0005140304565429688,
    "per_class_f1": {
      "healthy": 0.8454873646209387,
      "pre_failure": 0.0,
      "crash": 0.7522935779816514,
      "byzantine": 0.0,
      "slow": 0.0,
      "partition": 0.0,
      "msg_drop": 0.0,
      "disk_fail": 0.0,
      "memory": 0.0
    },
    "confusion_matrix": [
      [
        1171,
        0,
        31,
        0,
        0,
        0,
        0,
        0,
        0
      ],
      [
        104,
        0,
        1,
        0,
        0,
        0,
        0,
        0,
        0
      ],
      [
        0,
        0,
        205,
        0,
        0,
        0,
        0,
        0,
        0
      ],
      [
        96,
        0,
        1,
        0,
        0,
        0,
        0,
        0,
        0
      ],
      [
        5,
        0,
        99,
        0,
        0,
        92,
        0,
        0,
        0
      ],
      [
        93,
        0,
        2,
        0,
        0,
        0,
        0,
        0,
        0
      ],
      [
        41,
        0,
        1,
        0,
        0,
        0,
        0,
        0,
        0
      ],
      [
        38,
        0,
        0,
        0,
        0,
        0,
        0,
        0,
        0
      ],
      [
        20,
        0,
        0,
        0,
        0,
        0,
        0,
        0,
        0
      ]
    ]
  },
  "phi_accrual": {
    "method_name": "Phi Accrual",
    "accuracy": 0.7035,
    "precision": 0.5035844810815991,
    "recall": 0.7035,
    "f1_score": 0.5848906100283666,
    "binary_accuracy": 0.7995,
    "false_positive_rate": 0.0,
    "false_negative_rate": 0.5025062656641605,
    "inference_time_ms": 0.0006563663482666016,
    "per_class_f1": {
      "healthy": 0.8570409982174688,
      "pre_failure": 0.0,
      "crash": 0.6810631229235881,
      "byzantine": 0.0,
      "slow": 0.0,
      "partition": 0.0,
      "msg_drop": 0.0,
      "disk_fail": 0.0,
      "memory": 0.0
    },
    "confusion_matrix": [
      [
        1202,
        0,
        0,
        0,
        0,
        0,
        0,
        0,
        0
      ],
      [
        105,
        0,
        0,
        0,
        0,
        0,
        0,
        0,
        0
      ],
      [
        0,
        0,
        205,
        0,
        0,
        0,
        0,
        0,
        0
      ],
      [
        97,
        0,
        0,
        0,
        0,
        0,
        0,
        0,
        0
      ],
      [
        4,
        0,
        192,
        0,
        0,
        0,
        0,
        0,
        0
      ],
      [
        95,
        0,
        0,
        0,
        0,
        0,
        0,
        0,
        0
      ],
      [
        42,
        0,
        0,
        0,
        0,
        0,
        0,
        0,
        0
      ],
      [
        38,
        0,
        0,
        0,
        0,
        0,
        0,
        0,
        0
      ],
      [
        20,
        0,
        0,
        0,
        0,
        0,
        0,
        0,
        0
      ]
    ]
  },
  "random_forest": {
    "method_name": "Random Forest",
    "accuracy": 0.8505,
    "precision": 0.8384818642012107,
    "recall": 0.8505,
    "f1_score": 0.8426566825703385,
    "binary_accuracy": 1.0,
    "false_positive_rate": 0.0,
    "false_negative_rate": 0.0,
    "inference_time_ms": 0.5176783800125122,
    "per_class_f1": {
      "healthy": 1.0,
      "pre_failure": 0.3210702341137124,
      "crash": 1.0,
      "byzantine": 0.25274725274725274,
      "slow": 1.0,
      "partition": 0.2535211267605634,
      "msg_drop": 0.0,
      "disk_fail": 0.0,
      "memory": 0.0
    },
    "confusion_matrix": [
      [
        1202,
        0,
        0,
        0,
        0,
        0,
        0,
        0,
        0
      ],
      [
        0,
        48,
        0,
        26,
        0,
        31,
        0,
        0,
        0
      ],
      [
        0,
        0,
        205,
        0,
        0,
        0,
        0,
        0,
        0
      ],
      [
        0,
        40,
        0,
        23,
        0,
        34,
        0,
        0,
        0
      ],
      [
        0,
        0,
        0,
        0,
        196,
        0,
        0,
        0,
        0
      ],
      [
        0,
        52,
        0,
        16,
        0,
        27,
        0,
        0,
        0
      ],
      [
        0,
        23,
        0,
        8,
        0,
        11,
        0,
        0,
        0
      ],
      [
        0,
        22,
        0,
        7,
        0,
        9,
        0,
        0,
        0
      ],
      [
        0,
        9,
        0,
        5,
        0,
        6,
        0,
        0,
        0
      ]
    ]
  },
  "vanilla_lstm": {
    "method_name": "Vanilla LSTM",
    "accuracy": 0.837,
    "precision": 0.837253115233055,
    "recall": 0.837,
    "f1_score": 0.8361836550401505,
    "binary_accuracy": 1.0,
    "false_positive_rate": 0.0,
    "false_negative_rate": 0.0,
    "inference_time_ms": 0.023105621337890625,
    "per_class_f1": {
      "healthy": 1.0,
      "pre_failure": 0.24742268041237114,
      "crash": 1.0,
      "byzantine": 0.11764705882352941,
      "slow": 1.0,
      "partition": 0.23148148148148148,
      "msg_drop": 0.17699115044247787,
      "disk_fail": 0.02666666666666667,
      "memory": 0.07692307692307693
    },
    "confusion_matrix": [
      [
        1202,
        0,
        0,
        0,
        0,
        0,
        0,
        0,
        0
      ],
      [
        0,
        24,
        0,
        18,
        0,
        36,
        21,
        5,
        1
      ],
      [
        0,
        0,
        205,
        0,
        0,
        0,
        0,
        0,
        0
      ],
      [
        0,
        22,
        0,
        10,
        0,
        32,
        18,
        13,
        2
      ],
      [
        0,
        0,
        0,
        0,
        196,
        0,
        0,
        0,
        0
      ],
      [
        0,
        18,
        0,
        22,
        0,
        25,
        13,
        15,
        2
      ],
      [
        0,
        12,
        0,
        10,
        0,
        8,
        10,
        2,
        0
      ],
      [
        0,
        9,
        0,
        10,
        0,
        13,
        5,
        1,
        0
      ],
      [
        0,
        4,
        0,
        3,
        0,
        7,
        4,
        1,
        1
      ]
    ]
  },
  "_metadata": {
    "timestamp": "2026-01-13T07:47:33.256528",
    "description": "Baseline comparison experiments for ProactiveGuard paper"
  }
}