{
  "ProactiveGuard": {
    "accuracy": 0.4675,
    "binary_accuracy": 0.6675,
    "precision": 1.0,
    "recall": 0.5460750853242321,
    "f1": 0.706401766004415,
    "fpr": 0.0,
    "fnr": 45.39249146757679,
    "tp": 160,
    "tn": 107,
    "fp": 0,
    "fn": 133
  },
  "Threshold": {
    "accuracy": 0.3175,
    "binary_accuracy": 0.7025,
    "precision": 0.881578947368421,
    "recall": 0.6860068259385665,
    "f1": 0.7715930902111324,
    "fpr": 25.233644859813083,
    "fnr": 31.399317406143346,
    "tp": 201,
    "tn": 80,
    "fp": 27,
    "fn": 92
  },
  "Phi Accrual": {
    "accuracy": 0.175,
    "binary_accuracy": 0.475,
    "precision": 0.6707818930041153,
    "recall": 0.5563139931740614,
    "f1": 0.6082089552238805,
    "fpr": 74.76635514018692,
    "fnr": 44.36860068259386,
    "tp": 163,
    "tn": 27,
    "fp": 80,
    "fn": 130
  },
  "Random Forest": {
    "accuracy": 0.2,
    "binary_accuracy": 0.7325,
    "precision": 0.7325,
    "recall": 1.0,
    "f1": 0.8455988455988457,
    "fpr": 100.0,
    "fnr": 0.0,
    "tp": 293,
    "tn": 0,
    "fp": 107,
    "fn": 0
  },
  "Vanilla LSTM": {
    "accuracy": 0.2675,
    "binary_accuracy": 0.7325,
    "precision": 0.7325,
    "recall": 1.0,
    "f1": 0.8455988455988457,
    "fpr": 100.0,
    "fnr": 0.0,
    "tp": 293,
    "tn": 0,
    "fp": 107,
    "fn": 0
  }
}