{
  "uci_smote": {
    "ProactiveGuard (Ens.)": {
      "accuracy": 0.8005,
      "macro_f1": 0.3828779256192534,
      "weighted_f1": 0.8681346710545806
    },
    "Random Forest": {
      "accuracy": 0.9675,
      "macro_f1": 0.5830084734427458,
      "weighted_f1": 0.9720418176437544
    },
    "Gradient Boosting": {
      "accuracy": 0.977,
      "macro_f1": 0.6434338969685144,
      "weighted_f1": 0.9802032402486749
    },
    "MLP": {
      "accuracy": 0.953,
      "macro_f1": 0.5452420353994877,
      "weighted_f1": 0.963512337382059
    }
  },
  "etcd": {
    "ProactiveGuard": {
      "accuracy": 1.0,
      "recall": 1.0,
      "f1": 1.0,
      "fnr": 0.0
    },
    "Random Forest": {
      "accuracy": 1.0,
      "recall": 1.0,
      "f1": 1.0,
      "fnr": 0.0
    },
    "Phi Accrual": {
      "accuracy": 0.989,
      "recall": 0.98,
      "f1": 0.8990825688073395,
      "fnr": 0.020000000000000018
    }
  },
  "bootstrap": {
    "proactiveguard": {
      "accuracy": {
        "mean": 1.0,
        "ci_low": 1.0,
        "ci_high": 1.0
      },
      "recall": {
        "mean": 1.0,
        "ci_low": 1.0,
        "ci_high": 1.0
      },
      "f1": {
        "mean": 1.0,
        "ci_low": 1.0,
        "ci_high": 1.0
      }
    },
    "random_forest": {
      "accuracy": {
        "mean": 1.0,
        "ci_low": 1.0,
        "ci_high": 1.0
      },
      "recall": {
        "mean": 1.0,
        "ci_low": 1.0,
        "ci_high": 1.0
      }
    }
  }
}